title,description,country,type,nodays,price,imgname
Highlights of Thailand,Alcazar Show Coral Island Scientific Thai Massage Safari World Wat – Pho,Thailand,GROUP TOUR,4,"?50,000.00",https://img.veenaworld.com/group-tours/world/south-east-asia/astl/asja-thb.jpg
Senior's Special Nepal,Manakamana Devi Temple Folk dance of Nepal Chitwan National Park Boat ride in Phewa Lake Vindyabasini Temple International Mountaineering Museum Bhaktapur Darbar Square Pashupatinath Temple Budhanilkantha Swayambhunath Stupa Kathmandu Darbar Square,Nepal,GROUP TOUR,8,"?70,000.00",https://img.veenaworld.com/group-tours/world/nepal/npzp/npwa-i-thb-npzp-832022.jpg
Best of Nepal,NA,Nepal,GROUP TOUR,8,"?70,000.00",https://img.veenaworld.com/group-tours/world/nepal/npcp/npwa-ip-thb-NPCP-132022.jpg
Women's Special Nepal,Manakamana Devi Temple Folk dance of Nepal Chitwan National Park Boat ride in Phewa Lake Vindyabasini Temple International Mountaineering Museum Bhaktapur Darbar Square Pashupatinath Temple Budhanilkantha Swayambhunath Stupa Kathmandu Darbar Square,Nepal,GROUP TOUR,8,"?72,000.00",https://img.veenaworld.com/group-tours/world/nepal/npwp/npza-ip-thb-npwp-832022.jpg
Honeymoon Special Thailand,Pattaya Tower Speed Shuttle/ Sky Shuttle/ Tower Jump Coral Island Nong Nooch village Alcazar Show Gems Gallery Frost Magical Ice Siam Art in Paradise Scientific Thai massage Safari World Chao Phraya River Dinner Cruise,Thailand,GROUP TOUR,6,"?75,000.00",https://img.veenaworld.com/group-tours/world/south-east-asia/asha/asha-thb.jpg
Best of Thailand,NA,Thailand,GROUP TOUR,6,"?75,000.00",https://img.veenaworld.com/group-tours/world/astj/astj-thb-1.jpg
Women's Special Thailand,Pattaya Tower Speed Shuttle/ Sky Shuttle/ Tower Jump Coral Island Nong Nooch village Alcazar Show Gems Gallery Frost Magical Ice Siam Art in Paradise Scientific Thai massage Safari World Chao Phraya River Dinner Cruise,Thailand,GROUP TOUR,6,"?77,000.00",https://img.veenaworld.com/group-tours/world/south-east-asia/aswa/aswa-thb.jpg
Seniors' Special Thailand,Expert tour manager all throughout the tour. All meals included in tour price. Music fun and games everyday.,Thailand,GROUP TOUR,6,"?79,000.00",https://img.veenaworld.com/group-tours/world/south-east-asia/asza/asza-thb.jpg
Best of Bhutan,NA,Bhutan,GROUP TOUR,9,"?81,000.00",https://img.veenaworld.com/group-tours/world/bhutan/btjs/shbt3-thb-BTJS-2792022.jpg
Women's Special Bhutan,Paro Dzong Ta-Dzong - National Museum Taktshang Monastery - Tiger’s Nest Monastery Chele-la-Pass Dochula Pass Phobjikha Valley White water rafting in the Punakha river Punakha Dzong Royal Takin Preserve Kharbandi Gompa,Bhutan,GROUP TOUR,9,"?82,000.00",https://img.veenaworld.com/group-tours/world/bhutan/btwb/thb-BTWB-22112022.jpg
Seniors' Special Bhutan,Paro Dzong Ta-Dzong - National Museum Taktshang Monastery - Tiger’s Nest Monastery Chele-la-Pass Dochula Pass Phobjikha Valley White water rafting in the Punakha river Punakha Dzong Royal Takin Preserve Kharbandi Gompa,Bhutan,GROUP TOUR,9,"?85,000.00",https://img.veenaworld.com/group-tours/world/bhutan/btzb/btwa-i-thb-btzb-312024.jpg
Best of Bhutan - Pune,NA,Bhutan,GROUP TOUR,9,"?85,000.00",https://img.veenaworld.com/group-tours/world/bhutan/btjsp/btjsp-thb-btjsp-282023.jpg
Women's Special Sri Lanka,Pinnawala Elephant Orphanage Temple of the Tooth Relic Kandy Lake Peradeniya Botanical Gardens Traditional Sri Lankan Dance show Anjaneyar (Hanuman) temple Seetha Amman Temple Hakgala Botanical Gardens (Ashok Vatika) Bentota River Safari Dutch Fort Unawatuna Beach Kelaniya Temple,Sri Lanka,GROUP TOUR,7,"?92,000.00",https://img.veenaworld.com/group-tours/world/sri-lanka/aswu/aswu-thb-aswu-1662023.jpg
Highlights of Vietnam,One Pillar Pagoda Temple of Literature Halong Bay Cruise Excursion Musical Water Puppet Show Hoi An Sun World Ba Na Hills Golden Bridge,Vietnam,GROUP TOUR,5,"?94,000.00",https://img.veenaworld.com/group-tours/world/south-east-asia/aspv/aswy-thb-aspv-22112023.jpg
Best of Sri Lanka,NA,Sri Lanka,GROUP TOUR,7,"?94,000.00",https://img.veenaworld.com/group-tours/world/sri-lanka/asse/aswl-thb-ASSE-22102021.jpg
Women's Special Dubai Abu Dhabi,Expert tour manager all throughout the tour. All meals included in tour price. Music fun and games everyday.,UAE,GROUP TOUR,5,"?100,000.00",https://img.veenaworld.com/group-tours/world/dubai-egypt-israel/mewe/mewe-thb-mewe-2962024.jpg
Highlights of Dubai Abu Dhabi,Burj Khalifa Dubai Mall Dhow Dinner Cruise Water Taxi ride to Gold Souk Desert Safari Sheikh Zayed Grand Mosque Ferrari World Sea World Abu Dhabi BAPS Hindu Temple,UAE,GROUP TOUR,5,"?100,000.00",https://img.veenaworld.com/group-tours/world/dubai-egypt-israel/mede/mede-thb-mede-2962024.jpg
Seniors' Special Dubai Abu Dhabi,Expert tour manager all throughout the tour. All meals included in tour price. Music fun and games everyday.,UAE,GROUP TOUR,5,"?100,000.00",https://img.veenaworld.com/group-tours/world/dubai-egypt-israel/meze/meze-thb-meze-2962024.jpg
Wonders of Bhutan,Expert tour manager all throughout the tour. All meals included in tour price. Music fun and games everyday.,Bhutan,GROUP TOUR,12,"?101,000.00",https://img.veenaworld.com/group-tours/world/bhutan/btbw/shbt2-thb-btbw-1062024.jpg
Best of Singapore,NA,Singapore,GROUP TOUR,4,"?105,000.00",https://img.veenaworld.com/group-tours/world/south-east-asia/assg/asgs-thb-assg-482022.jpg
Bangkok Pattaya Phuket Krabi,NA,Thailand,GROUP TOUR,8,"?116,000.00",https://img.veenaworld.com/group-tours/world/south-east-asia/astk/astk-thb.jpg
Honeymoon Special Bangkok Pattaya Phuket Krabi,Krabi Island Hopping Tour Ao Phang Nga National Park Needle Rock Trickeye Museum FantaSea Show Alcazar Show Coral Island - parasailing Speed boat ride & Glass Bottom Boat Nong Nooch village Scientific Thai massage Pattaya Tower - Speed Shuttle/ Sky Shuttle/ Tower Jump Gems Gallery Safari World Chao Phraya River Dinner Cruise,Thailand,GROUP TOUR,8,"?116,000.00",https://img.veenaworld.com/group-tours/world/south-east-asia/ashy/shth15-thb-ashy-23102023.jpg
Seniors' Special Bali,Expert tour manager all throughout the tour. All meals included in tour price. Music fun and games everyday.,Indonesia,GROUP TOUR,7,"?125,000.00",https://img.veenaworld.com/group-tours/world/south-east-asia/aszi/aszi-thb.jpg
Best of Bali,NA,Indonesia,GROUP TOUR,7,"?125,000.00",https://img.veenaworld.com/group-tours/world/south-east-asia/asbm/asbh-ftr.jpg
Best of Malaysia,Expert tour manager all throughout the tour. All meals included in tour price. Music fun and games everyday.,Malaysia,GROUP TOUR,9,"?125,000.00",https://img.veenaworld.com/group-tours/world/south-east-asia/askl/askl-thb-askl-142023.png
Honeymoon Special Bali,Expert tour manager all throughout the tour. All meals included in tour price. Music fun and games everyday.,Indonesia,GROUP TOUR,7,"?126,000.00",https://img.veenaworld.com/group-tours/world/south-east-asia/ashl/ashl-thb.jpg
Women's Special Bali,Expert tour manager all throughout the tour. All meals included in tour price. Music fun and games everyday.,Indonesia,GROUP TOUR,7,"?127,000.00",https://img.veenaworld.com/group-tours/world/south-east-asia/aswi/aswi-thb.jpg
Senior's Special Singapore Malaysia,NA,Singapore,GROUP TOUR,7,"?135,000.00",https://img.veenaworld.com/group-tours/world/south-east-asia/aszm/aszm-thb.jpg
Women's Special Dubai Abu Dhabi,Expert tour manager all throughout the tour. All meals included in tour price. Music fun and games everyday.,UAE,GROUP TOUR,7,"?135,000.00",https://img.veenaworld.com/group-tours/world/dubai-egypt-israel/mewa/shdz1-thb-mewa-2782022.jpg
Best of Baku,Shirvanshah Palace Gobustan National Park See Mud volcanoes Ateshgah- Ancient Zoroastrian Temple Gala Archaeological and Ethnographic Museum The Palace of Shaki Khans Cable car ride to Tufandag Mountain Juma Mosque in Shamaki,Azerbaijan,GROUP TOUR,7,"?135,000.00",https://img.veenaworld.com/group-tours/world/europe/eubq/thb-baku-eubq-20102023.png
Best of Dubai Abu Dhabi,NA,UAE,GROUP TOUR,7,"?135,000.00",https://img.veenaworld.com/group-tours/world/dubai-egypt-israel/mema/thb-mema-172024.jpg
Best of Vietnam,NA,Vietnam,GROUP TOUR,8,"?136,000.00",https://img.veenaworld.com/group-tours/world/south-east-asia/asvm/asvm-thb-asvm-8112023.jpg
Singapore Malaysia,NA,Malaysia,GROUP TOUR,7,"?136,000.00",https://img.veenaworld.com/group-tours/world/south-east-asia/assm/assm-thb.jpg
Women's Special Vietnam,Expert tour manager all throughout the tour. All meals included in tour price. Music fun and games everyday.,Vietnam,GROUP TOUR,8,"?137,000.00",https://img.veenaworld.com/group-tours/world/south-east-asia/aswvm/aswvm-thb-aswvm-14112023.png
Women's Special Singapore Malaysia,NA,Singapore,GROUP TOUR,7,"?137,000.00",https://img.veenaworld.com/group-tours/world/south-east-asia/aswm/aswm-thb.jpg
Senior's Special Dubai Abu Dhabi,NA,UAE,GROUP TOUR,7,"?137,000.00",https://img.veenaworld.com/group-tours/world/dubai-egypt-israel/meza/meza-thb-meza-12112022.jpg
Senior's Special  Vietnam,Expert tour manager all throughout the tour. All meals included in tour price. Music fun and games everyday.,Vietnam,GROUP TOUR,8,"?138,000.00",https://img.veenaworld.com/group-tours/world/south-east-asia/aszvm/aszvm-thb-aszvm-14112023.png
All of Thailand,Expert tour manager all throughout the tour. All meals included in tour price. Music fun and games everyday.,Thailand,GROUP TOUR,15,"?150,000.00",https://img.veenaworld.com/group-tours/world/south-east-asia/asat/thb-asat-asat-1372024.jpg
Chiang Mai Chiang Rai Phuket Krabi,Elephant Sanctuary & Safari Thrilling Bamboo Rafting View Snake Show Bai Orchid and Butterfly Park Golden Triangle White temple (Wat Rong Khun) River Rafting on the Mae Taeng River Bo Sang Village Stroll around Handicraft Highway Dolphin Show Ao Nang Beach & Walking Street Islands of Krabi Sunset Cruise Ao Phang Nga National Park James Bond Island Trickeye Museum Phuket Phi Phi Island Phuket Carnival/Phanta Sea Show,Thailand,GROUP TOUR,9,"?150,000.00",https://img.veenaworld.com/group-tours/world/south-east-asia/asmr/ashr-exp-1-ASMR-642024.jpg
Hong Kong Macao Shenzhen,NA,China,GROUP TOUR,7,"?155,000.00",https://img.veenaworld.com/group-tours/world/south-east-asia/ashs/ashs-exp-2-ashs-1872024.jpg
Women's Special Hong Kong Macao Shenzhen,NA,China,GROUP TOUR,7,"?159,000.00",https://img.veenaworld.com/group-tours/world/south-east-asia/aswhs/aswhs-thb-ASWHS-3172023.jpg
Singapore Thailand Malaysia,NA,Malaysia,GROUP TOUR,10,"?160,000.00",https://img.veenaworld.com/group-tours/world/south-east-asia/asjw/asjw-thb.jpg
Singapore Bali,Universal Studios Gardens By The Bay Marina Bay Sands Sky Park Mandai Bird Paradise Sky Helix SEA Aquarium Tirta Empul Tegallalang Rice Terraces Tanah Lot Sea temple Nusa Pendia Devdan Show White Water River Rafting,Indonesia,GROUP TOUR,8,"?161,000.00",https://img.veenaworld.com/group-tours/world/south-east-asia/asbl/assb-ftr-ASBL-6122022.jpg
Seniors' Special Singapore Thailand Malaysia,Expert tour manager all throughout the tour. All meals included in tour price. Music fun and games everyday.,Singapore,GROUP TOUR,10,"?162,000.00",https://img.veenaworld.com/group-tours/world/south-east-asia/aszj/aszj-thb-1.jpg
Women's Special Singapore Thailand Malaysia,Expert tour manager all throughout the tour. All meals included in tour price. Music fun and games everyday.,Singapore,GROUP TOUR,10,"?162,000.00",https://img.veenaworld.com/group-tours/world/south-east-asia/aswy/aswy-thb-aswy-422023.jpg
Senior's Special  Vietnam Cambodia,Expert tour manager all throughout the tour. All meals included in tour price. Music fun and games everyday.,Vietnam,GROUP TOUR,10,"?175,000.00",https://img.veenaworld.com/group-tours/world/south-east-asia/aszvo/asvm-thb-ASZVO-2232024.jpg
Vietnam Cambodia,NA,Cambodia,GROUP TOUR,10,"?176,000.00",https://img.veenaworld.com/group-tours/world/south-east-asia/asmv/asvc-thb-asmv-8112023.jpg
Highlights of Turkey,Whirling dervish show Valleys of Cappadocia Goreme open air museum Kaymakli underground city Mevlana Mausoleum Cotton Castle Pamukkale The ancient city of Hierapolis Topkapi Palace Sultan Ahmet Tsami - Blue Mosque Hagia Sofia Museum,Turkey,GROUP TOUR,7,"?180,000.00",https://img.veenaworld.com/group-tours/world/europe/euht/euht-thb-euht-132024.jpg
Vietnam Bali,Tirta Empul Tanah Lot Sea Temple Excursion to Nusa Penida White Water Rafting at Ayung River Balinese Massage Ho Chi Minh Complex One Pillar Pagoda Musical Water Puppet Show Halong Bay Overnight Cruise Sun World Ba Na Hills Cam Thanh Coconut Village Lantern Boat Ride Cu Chi Tunnels Vinh Trang Pagoda Mekong River Delta War Crime Museum,Vietnam,GROUP TOUR,12,"?185,000.00",https://img.veenaworld.com/group-tours/world/south-east-asia/asvi/asbm-exp-1-asvi-782024.jpg
Singapore Malaysia with Cruise,Putrajaya Genting Highlands Kuala Lumpur City Tour Sunway Lagoon Overnight Cruise Ride Gardens by the Bay Marina Bay Sands Sky Park Sentosa Island Universal Studios SEA Aquarium Singapore City Tour,Malaysia,GROUP TOUR,9,"?186,000.00",https://img.veenaworld.com/group-tours/world/south-east-asia/asmz/asmz-thb.jpg
Singapore Malaysia with Bali,Tirta Empul Tanah Lot Sea Temple Excursion to Nusa Penida Devdan Show White Water Rafting Putrajaya Kuala Lumpur City Tour Photo stop at Petronas Twin Towers Genting Highlands Gardens by the Bay Sentosa Island Universal Studios Singapore City Tour,Indonesia,GROUP TOUR,10,"?187,000.00",https://img.veenaworld.com/group-tours/world/south-east-asia/asmb/ASMB-thb.jpg
Dubai Abu Dhabi with Oman,Wadi Bani Khalid Dolphin Watching cruise Sultan Qaboos Grand Mosque Burj Khalifa - 124th Floor Desert Safari Dubai AYA Universe Dhow Dinner Cruise Miracle Garden/ Butterfly Garden Ski Dubai Warner Bros. Sheikh Zayed Grand Mosque Ferrari world Sea World,UAE,GROUP TOUR,9,"?190,000.00",https://img.veenaworld.com/group-tours/world/middle-east/meoa/meoa-thb-1-MEOA-1292024.jpg
Uzbekistan Kazakhstan Kyrgyzstan,Medeo Gorge Cable car ride to Shymbulak ski resort Top of Kok-Tobe hill Belly dance show Ala archa national park Chimgan Mountains Charwak Lake- Pearl of Tian Shan Mountains Afrasiab Museum of Samarkand Ulugh Beg’s observatory Shah – i – Zinda Complex Barak khan madrasah Lal bahadur shastri memorial,Kazakhstan,GROUP TOUR,9,"?190,000.00",https://img.veenaworld.com/group-tours/world/europe/eukk/eukk-thb-eukk-782023.png
Best of Egypt,NA,Egypt,GROUP TOUR,9,"?190,000.00",https://img.veenaworld.com/group-tours/world/europe/euyt/sheg1-thb-EUYT-2552022.jpg
Women's Special Egypt,The Catacombs The National Museum of Egyptian Civilization Cairo tower observatory deck The Great Pyramids of Giza The Great Temples of Abu Simbel Nile cruise Temple of Philae on Isis Island Valley of Kings Hurghada Dolphin watching cruise,Egypt,GROUP TOUR,9,"?195,000.00",https://img.veenaworld.com/group-tours/world/europe/euwy/euwy-thb-euwy-4112022.jpg
Philippines Manila Cebu,Intramuros National Museum of Philippines Binodo Manila Ocean Park Taoist Temple Complex Chocolate Hills Tarsier conservation area Loboc River Cruise Tour Moalboal Sardine Run Kawasan Falls,Philippines,GROUP TOUR,8,"?195,000.00",https://img.veenaworld.com/group-tours/world/south-east-asia/aspi/asps-thb-ASPI-1042024.jpg
Best of Kenya,Nairobi National Museum Snake Park and botanical gardens Aberdares Thomson Falls Boat ride in Lake Naivasha Hell’s Gate Safari Game Drive at Masai Mara National reserve Scenic drive through the Great Rift Valley,Kenya,GROUP TOUR,7,"?205,000.00",https://img.veenaworld.com/group-tours/world/africa/afbk/thb-afbk-672023.jpg
European Panorama,The Spectacular Monument of Eiffel Tower Seine River Cruise Madurodam/Kuekenhof Tulip Gardens Holland’s famous ‘Windmill’ Explore Luxembourg city by a tram Cuckoo clock shop Rhine Falls Schaffhausen Rotair Titlis (cable car ride) to Mt. Titlis Lake Lucerne Cruise City Tram ride at Vaduz Swarovski crystal world and Museum,Western Europe,GROUP TOUR,8,"?205,000.00",https://img.veenaworld.com/group-tours/world/europe/eudr/eudr-thb-EUDR-1562023.jpg
Best of Turkey,Whirling dervish show Hot air balloon tour over Cappadocia Valleys of Cappadocia Goreme open air museum Mevlana Mausoleum Lower Duden Waterfalls Perge Excavations Cotton Castle Pamukkale UNESCO World Heritage site – Ephesus Topkapi Palace Sultan Ahmet Tsami - Blue Mosque Turkish dinner with show,Turkey,GROUP TOUR,10,"?220,000.00",https://img.veenaworld.com/group-tours/world/europe/euts/turkey-thb-euts-132024.png
Women's Special South Africa,Safari Game Drives at Pilanesberg National Park Tsitsikama National Park Cango Caves Congo Wildlife Ranch Cape St. Blaise lighthouse Stellenbosch Cable Car Ride to Table Mountain Boulders Beach Cape of Good Hope,South Africa,GROUP TOUR,9,"?220,000.00",https://img.veenaworld.com/group-tours/world/mauritius/afws/afws-thb-afws-922023.png
Best of Turkey,Whirling dervish show Hot air balloon tour over Cappadocia Valleys of Cappadocia Goreme open air museum Mevlana Mausoleum Lower Duden Waterfalls Perge Excavations Cotton Castle Pamukkale UNESCO World Heritage site – Ephesus Topkapi Palace Sultan Ahmet Tsami - Blue Mosque Turkish dinner with show,Turkey,GROUP TOUR,10,"?220,000.00",https://img.veenaworld.com/group-tours/world/europe/euts/turkey-thb-euts-132024.png
Senior's Special South Africa,Safari Game Drives at Pilanesberg National Park Tsitsikama National Park Cango Caves Congo Wildlife Ranch Cape St. Blaise lighthouse Stellenbosch Cable Car Ride to Table Mountain Boulders Beach Cape of Good Hope,South Africa,GROUP TOUR,9,"?220,000.00",https://img.veenaworld.com/group-tours/world/africa/afzs/afzs-thb-afzs-772023.jpg
Seniors' Special Best of Turkey,Whirling dervish show Hot air balloon tour over Cappadocia Valleys of Cappadocia Goreme open air museum Mevlana Mausoleum Lower Duden Waterfalls Perge Excavations Cotton Castle Pamukkale UNESCO World Heritage site – Ephesus Topkapi Palace Sultan Ahmet Tsami - Blue Mosque Turkish dinner with show,Turkey,GROUP TOUR,10,"?225,000.00",https://img.veenaworld.com/group-tours/world/europe/euzts/eutk-thb-euzts-2732024.jpg
All of Vietnam,Sapa Hanoi City Tour Halong Bay Overnight Cruise Da Nang Sun World Ba Na Hills Hoi An Ho Chi Minh City Tour Cu Chi Tunnels Boat Ride in Mekong River Delta Can Tho Phu Quoc Island Hopping Tour,Vietnam,GROUP TOUR,13,"?225,000.00",https://img.veenaworld.com/group-tours/world/south-east-asia/asav/vietnam-thb-ASAV-1332024.png
Highlights of Greece,Parthenon Acropolis Museum Nestoridio Art Gallery Helios 9D Palace of the Grand Master of the Knights of Rhodes Filerimos Hill Monastery of the Archangel Michael Kallithea springs Red Beach Black Beach Akrotiri archeological site Prophet Ilias monastery Megalochori village Oia Village,Greece,GROUP TOUR,8,"?225,000.00",https://img.veenaworld.com/group-tours/world/europe/eugg/eugj-hlt-2-EUGG-412023.jpg
Women's Special Best of Turkey,Whirling dervish show Hot air balloon tour over Cappadocia Valleys of Cappadocia Goreme open air museum Mevlana Mausoleum Lower Duden Waterfalls Perge Excavations Cotton Castle Pamukkale UNESCO World Heritage site – Ephesus Topkapi Palace Sultan Ahmet Tsami - Blue Mosque Turkish dinner with show,Turkey,GROUP TOUR,10,"?225,000.00",https://img.veenaworld.com/group-tours/world/europe/euwts/shtk4-thb-euwts-2732024.jpg
Best of Austria,Swarovski crystal world and Museum Nordketten cable car ride Innsbruck city tour Hallein Salt Mine Salzburg city tour Mirabell Gardens Funicular ride to Hohensalzburg Fortress Walking tour of Hallstatt Cable car ride to Five fingers viewing platform Boat ride on Hallstatt lake Melk Abbey Schonbrunn Palace Vienna city tour,Austria,GROUP TOUR,8,"?225,000.00",https://img.veenaworld.com/group-tours/world/europe/eubu/eubu-thb-eubu-1562023.jpg
Myanmar Laos,Shwedagon Pagoda Mount Popa Mandalay Palace Pha That Luang Stupa Patuxay Buddha Park,Laos,GROUP TOUR,10,"?225,000.00",https://img.veenaworld.com/group-tours/world/south-east-asia/aslm/aslm-tbh-aslm-4102024.jpg
Women's Special Japan,NA,Japan,GROUP TOUR,7,"?225,000.00",https://img.veenaworld.com/group-tours/world/japan-china-korea-taiwan/aswba/aswba-thb-aswba-162023.jpg
Best of Japan,NA,Japan,GROUP TOUR,7,"?225,000.00",https://img.veenaworld.com/group-tours/world/japan-china-korea-taiwan/asba/shjp5-thb-asba-162023.jpg
Best of Spain,Prado Museum The Royal Palace Santa Maria la Blanca Synagogue Sword factory Catedral de Sevilla Flamenco Show Salvador Dali sculptures Museo Casa Natal Oceanogràfic València Sagrada Familia Cathedral Monastery of Montserrat,Spain,GROUP TOUR,10,"?230,000.00",https://img.veenaworld.com/group-tours/world/europe/eujs/eujs-thb-eujs-1562023.jpg
Amsterdam Brussels Bruges,Brussels city tour Walking tour around Bruges town De Halve Maan Brewery Anne Frank House A’dam Lookout observation deck Heineken brewery Madurodam,Belgium,GROUP TOUR,7,"?240,000.00",https://img.veenaworld.com/group-tours/world/europe/eubr/eubr-thb-eubr-1562023.png
Vienna Prague Budapest Bratislava,Danube river cruise Bled Castle Budapest city tour Walk through the Lower Town in Zagreb Baroque Church of the Assumption Drive through Most SNP See Hradcany Castle Schonbrunn Palace,Central Europe,GROUP TOUR,8,"?245,000.00",https://img.veenaworld.com/group-tours/world/europe/euhi/euee-thb-EUHI-3102023.jpg
All of Turkey,Temple of Augustus and Rome The Ankara Castle Whirling dervish show Hot air balloon tour over Cappadocia Goreme open air museum Mevlana Mausoleum Lower Duden Waterfalls Perge Excavations Cotton Castle Pamukkale Bodrum Castle UNESCO World Heritage site - Ephesus Trojan Horse statue Topkapi Palace Sultan Ahmet Tsami - Blue Mosque Turkish dinner with show Princes' Islands Bosphorous strait,Turkey,GROUP TOUR,15,"?250,000.00",https://img.veenaworld.com/group-tours/world/europe/eutu/eutu-thb-EUTU-132024.jpg
Seniors' Special European Panorama,Expert tour manager all throughout the tour. All meals included in tour price. Music fun and games everyday.,Western Europe,GROUP TOUR,8,"?255,000.00",https://img.veenaworld.com/group-tours/world/europe/euzdr/euzdr-thb-euzdr-1982023.jpg
Women's Special Best of Greece,Expert tour manager all throughout the tour. All meals included in tour price. Music fun and games everyday.,Greece,GROUP TOUR,10,"?255,000.00",https://img.veenaworld.com/group-tours/world/europe/euwlg/eugt-thb-EUWLG-2332024.jpg
Women's Special Europe,Expert tour manager all throughout the tour. All meals included in tour price. Music fun and games everyday.,Western Europe,GROUP TOUR,8,"?255,000.00",https://img.veenaworld.com/group-tours/world/europe/euwdr/euwdr-thb-EUWDR-182023.jpg
Best of Italy,Vaporetto water bus ride to Venice Island Gondola ride in the canals of Venice Walk through Venice city Ferrari Museum San Marino city tour St. Peter's Basilica Trevi Fountain Photo Stop at the backdrop of Colosseum Drive through Naples Blue Grotto or White Grotto San Gimignano 1300 Museum Florence city tour Pisa city tour,Italy,GROUP TOUR,8,"?270,000.00",https://img.veenaworld.com/group-tours/world/europe/eubi/eubi-thb-eubi-1562023.jpg
Swiss Paris,Versailles palace Eiffel Tower Seine river cruise Disneyland Chaplin’s world Maison Cailler Chocolate factory Bern City tour Titlis Rotair Cable car to Mt. Titlis Lake Lucerne Cruise Jungfraujoch,Paris,GROUP TOUR,8,"?275,000.00",https://img.veenaworld.com/group-tours/world/europe/eups/eups-hlt-2-eups-1862022.jpg
Seniors' Special Europe,The Spectacular Monument of Eiffel Tower Seine River Cruise Amsterdam canal cruise Holland’s famous ‘Windmill’ Cuckoo clock shop Rhine Falls Schaffhausen Rotair Titlis (cable car ride) to Mt. Titlis Lake Lucerne Cruise City Tram ride at Vaduz Swarovski crystal world and Museum Gondola ride in the canals of Venice Leaning tower of Pisa Trevi Fountain,Western Europe,GROUP TOUR,10,"?275,000.00",https://img.veenaworld.com/group-tours/world/europe/euzd/euzd-thb-euzd-29122022.jpg
Seniors' Special Europe,The Spectacular Monument of Eiffel Tower Seine River Cruise Amsterdam canal cruise Holland’s famous ‘Windmill’ Cuckoo clock shop Rhine Falls Schaffhausen Rotair Titlis (cable car ride) to Mt. Titlis Lake Lucerne Cruise City Tram ride at Vaduz Swarovski crystal world and Museum Gondola ride in the canals of Venice Leaning tower of Pisa Trevi Fountain,Western Europe,GROUP TOUR,10,"?275,000.00",https://img.veenaworld.com/group-tours/world/europe/euzd/euzd-thb-euzd-29122022.jpg
Swiss Austria,Schonbrunn Palace Mirabell Gardens Swarovski crystal world and Museum Rhine Falls Titlis Rotair cable car to Mt. Titlis Lake Lucerne Cruise Jungfraujoch Bern city tour Maison Cailler chocolate factory Chaplin’s world,Austria,GROUP TOUR,8,"?280,000.00",https://img.veenaworld.com/group-tours/world/europe/euas/euas-thb.jpg
Best of Switzerland,Expert tour manager all throughout the tour. All meals included in tour price. Music fun and games everyday.,Switzerland,GROUP TOUR,7,"?285,000.00",https://img.veenaworld.com/group-tours/world/europe/eusw/eusw-thb.jpg
London Paris Swiss Italy,London Eye Tower of London Museum Madame Tussauds Wax Museum Eiffel Tower Seine river cruise Versailles palace Titlis Rotair cable car to Mt. Titlis Lake Lucerne Cruise Gondola ride in the canals of Venice Pisa city tour,Western Europe,GROUP TOUR,9,"?285,000.00",https://img.veenaworld.com/group-tours/world/europe/eull/thumb-eull-2-eull-1762022.jpg
Japan with Yuzawa and Hakone,Shinjuku Garden Yuzawa Snow Mountain Observation Deck of Tokyo Sky Tree Asakusa Temple Complex Shopping at Shibuya Crossing Team Lab Planets Yamanashi Maglev Exhibition Center Open Air Museum Hakone Kowakien Yunessun View the Mount Fuji from the Komagatake Ropeway Miyajima Shrine Hiroshima Peace Park Arashiyama Bamboo Groove Golden Pavilion Fushimi Inari Shrine Nara Deer Park,Japan,GROUP TOUR,9,"?285,000.00",https://img.veenaworld.com/group-tours/world/japan-china-korea-taiwan/asyj/asyj-thb-ASYJ-2072023.jpg
European Highlights,A lovely view of London city from the London Eye The Spectacular Monument of Eiffel Tower Seine river cruise Amsterdam canal cruise Holland’s famous ‘Windmill’ Cuckoo clock shop Rhine Falls Schaffhausen Rotair Titlis (cable car ride) to Mt. Titlis Lake Lucerne Cruise City Tram ride at Vaduz Swarovski crystal world and Museum Gondola ride in the canals of Venice San Marino city tour Trevi Fountain Leaning tower of Pisa,Western Europe,GROUP TOUR,12,"?285,000.00",https://img.veenaworld.com/group-tours/world/europe/euhn/euhn-thb-euhn-1662023.jpg
Women's Special Switzerland,Expert tour manager all throughout the tour. All meals included in tour price. Music fun and games everyday.,Switzerland,GROUP TOUR,7,"?290,000.00",https://img.veenaworld.com/group-tours/world/europe/euwt/eusz-thb-EUWT-17102024.jpg
Korea Taiwan,Fengjia Night Market Rainbow Village Cruise on Sun Moon Lake Wen Wu Temple Ropeway ride over Sun Moon Lake Taipei 101 Observatory Deck - 89th floor National Palace Museum Jeju Beach Bijarim Forest Seongsan Iculbong Sunrise Peak – UNESCO World Natural Heritage Gamcheon Culture Village Haedong Yonggungsa Temple Gyeongju National Museum Seokguram Grotto Haeundae Beach Boat Ride at Busan Coastline The Korean Demilitarized Zone (DMZ) Dorasan Peace Park Dora Observatory Third Infiltration Tunnel Myeongdong Market Seoul Tower Pass by Chengwadae Sarangchae Palace Gyeongbokgung Palace National Palace Museum National Folklore Museum COEX Aquarium,Taiwan,GROUP TOUR,11,"?290,000.00",https://img.veenaworld.com/group-tours/world/japan-china-korea-taiwan/askn/taiwan-askn-1042024.jpg
Japan Korea,NA,South Korea,GROUP TOUR,9,"?295,000.00",https://img.veenaworld.com/group-tours/world/japan-china-korea-taiwan/asjk/asjk-thb-asjk-1682023.png
Best of Greece,Expert tour manager all throughout the tour. All meals included in tour price. Music fun and games everyday.,Greece,GROUP TOUR,10,"?315,000.00",https://img.veenaworld.com/group-tours/world/europe/eulg/eulg-thb-eulg-1662023.jpg
USA East Coast,Expert tour manager all throughout the tour. All meals included in tour price. Music fun and games everyday.,USA,GROUP TOUR,7,"?325,000.00",https://img.veenaworld.com/group-tours/world/america/amep/amep-thb.jpg
Myanmar Laos Vietnam Cambodia,Shwedagon Pagoda Mount Popa Mandalay Palace Pha That Luang Stupa Patuxay Buddha Park Kuang Si Falls Angkor Wat Ba Na Hills Hoi An Coconut Village Ninh Binh Halong Bay Cruise Hanoi,Myanmar,GROUP TOUR,18,"?325,000.00",https://img.veenaworld.com/group-tours/world/south-east-asia/aslv/aslv-thb-ASLV-4102024.jpg
Women's Special USA East Coast,Expert tour manager all throughout the tour. All meals included in tour price. Music fun and games everyday.,USA,GROUP TOUR,7,"?325,000.00",https://img.veenaworld.com/group-tours/world/america/amwp/amec-hlt-1-amwp-412024.jpg
Swiss Paris Italy,Trevi Fountain Photo Stop at the backdrop of Colosseum St. Peter's Basilica Gondola ride in the canals of Venice Titlis Rotair cable car to Mt. Titlis Lake Lucerne Cruise Jungfraujoch Bern city tour Chaplin’s world Versailles palace Eiffel Tower Disneyland,Italy,GROUP TOUR,11,"?325,000.00",https://img.veenaworld.com/group-tours/world/europe/eust/eust-thb.jpg
England Scotland,Expert tour manager all throughout the tour. All meals included in tour price. Music fun and games everyday.,UK,GROUP TOUR,10,"?330,000.00",https://img.veenaworld.com/group-tours/world/europe/eulo/thb-EULO-422022.jpg
Swiss Austria Italy,Trevi Fountain Photo Stop at the backdrop of Colosseum St. Peter's Basilica Pisa city tour Gondola ride in the canals of Venice Geneva city tour Chaplin’s world Maison Cailler chocolate factory Bern city tour Titlis Rotair cable car to Mt. Titlis Lake Lucerne Cruise Jungfraujoch Rhine Falls Swarovski crystal world and Museum Mirabell Gardens Schonbrunn Palace,Italy,GROUP TOUR,11,"?330,000.00",https://img.veenaworld.com/group-tours/world/europe/eusa/eusa-thb.jpg
Spain Portugal,Expert tour manager all throughout the tour. All meals included in tour price. Music fun and games everyday.,Portugal,GROUP TOUR,13,"?330,000.00",https://img.veenaworld.com/group-tours/world/europe/eung/eung-thb-eung-1982023.jpg
European Highlights,Expert tour manager all throughout the tour. All meals included in tour price. Music fun and games everyday.,Western Europe,GROUP TOUR,11,"?330,000.00",https://img.veenaworld.com/group-tours/world/europe/euhl/euhl-thb-euhl-1862022.jpg
Seniors' Special USA East Coast,Expert tour manager all throughout the tour. All meals included in tour price. Music fun and games everyday.,USA,GROUP TOUR,7,"?330,000.00",https://img.veenaworld.com/group-tours/world/america/amzp/amzp-thb.jpg
Women's Special Australia,Sydney Cricket Ground Guided tour of Sydney Opera House Sydney Harbour Cruise Sydney Tower Observatory Deck Sydney Sea Life Aquarium WILD LIFE Sydney Zoo Brisbane city orientation tour Jet Boat ride at Gold Coast Currumbin Wildlife Sanctuary Sunset cruise at Gold Coast Kuranda Rainforest Pamagirri Aboriginal Experience The Great Barrier Reef The Great Ocean Road Helicopter ride at Great Ocean Road Penguin Parade at Philip Island,Australia,GROUP TOUR,9,"?335,000.00",https://img.veenaworld.com/group-tours/world/australia-new-zealand/auwg/auwg-thb.jpg
Swiss Paris Amsterdam Brussels,Versailles palace Eiffel Tower Seine river cruise Disneyland Brussels city tour Madurodam De Halve Maan Brewery Cuckoo clock shop Rhine Falls Titlis Rotair cable car to Mt. Titlis Lake Lucerne Cruise Jungfraujoch Walking tour of Bern city Maison Cailler chocolate factory Chaplin’s world,Western Europe,GROUP TOUR,11,"?335,000.00",https://img.veenaworld.com/group-tours/world/europe/eubs/euar-thb-EUBS-862022.jpg
Seniors' Special Europe,A lovely view of London city from the London Eye The Spectacular Monument of Eiffel Tower Seine river cruise Amsterdam canal cruise Holland’s famous ‘Windmill’ Cuckoo clock shop Rhine Falls Schaffhausen Rotair Titlis (cable car ride) to Mt. Titlis Lake Lucerne Cruise City Tram ride at Vaduz Swarovski crystal world and Museum Gondola ride in the canals of Venice San Marino city tour Trevi Fountain Leaning tower of Pisa,Western Europe,GROUP TOUR,11,"?335,000.00",https://img.veenaworld.com/group-tours/world/europe/euzh/euhn-thb-EUZH-772023.jpg
Best of Australia,Sydney Cricket Ground Guided tour of Sydney Opera House Sydney Harbour Cruise Sydney Tower Observatory Deck Sydney Sea Life Aquarium WILD LIFE Sydney Zoo Brisbane city orientation tour Jet Boat ride at Gold Coast Currumbin Wildlife Sanctuary Sunset cruise at Gold Coast Kuranda Rainforest Pamagirri Aboriginal Experience The Great Barrier Reef The Great Ocean Road Helicopter ride at Great Ocean Road Penguin Parade at Philip Island,Australia,GROUP TOUR,9,"?335,000.00",https://img.veenaworld.com/group-tours/world/australia-new-zealand/ausg/ausg-thb.jpg
Women's Special Europe,Expert tour manager all throughout the tour. All meals included in tour price. Music fun and games everyday.,Western Europe,GROUP TOUR,11,"?335,000.00",https://img.veenaworld.com/group-tours/world/europe/euwh/euwh-hlt-2-euwh-12102022.jpg
Spain Portugal Morocco,Expert tour manager all throughout the tour. All meals included in tour price. Music fun and games everyday.,Morocco,GROUP TOUR,16,"?340,000.00",https://img.veenaworld.com/group-tours/world/europe/eump/eump-thb-eump-1562023.jpg
Senior's Special Australia,Sydney Cricket Ground Guided tour of Sydney Opera House Sydney Harbour Cruise Sydney Tower Observatory Deck Sydney Sea Life Aquarium WILD LIFE Sydney Zoo Brisbane city orientation tour Jet Boat ride at Gold Coast Currumbin Wildlife Sanctuary Sunset cruise at Gold Coast Kuranda Rainforest Pamagirri Aboriginal Experience The Great Barrier Reef The Great Ocean Road Helicopter ride at Great Ocean Road Penguin Parade at Philip Island,Australia,GROUP TOUR,9,"?340,000.00",https://img.veenaworld.com/group-tours/world/australia-new-zealand/auzg/ausg-exp-3--1--auzg-342024.jpg
European Wonders,The Spectacular Monument of Eiffel Tower Seine river cruise Holland’s famous ‘Windmill’ Explore Luxembourg City By A Tram Cuckoo clock shop Rhine Falls Schaffhausen Rotair Titlis (cable car ride) to Mt. Titlis Lake Lucerne Cruise Jungfraujoch – Top of Europe City Tram ride at Vaduz Mirabell Gardens Swarovski crystal world and Museum Gondola ride in the canals of Venice San Marino city tour Trevi Fountain Leaning tower of Pisa,Western Europe,GROUP TOUR,13,"?340,000.00",https://img.veenaworld.com/group-tours/world/europe/eunr/eunr-thb-eunr-1662023.jpg
Croatia Slovenia Slovakia Hungary,Danube river cruise Danube Bend excursion Badacsony wine region Bled Castle Baroque Church of the Assumption Postojna Caves Plitvice National Park,Central Europe,GROUP TOUR,12,"?345,000.00",https://img.veenaworld.com/group-tours/world/europe/eusc/eusc-thb.jpg
Swiss Paris Austria,Schonbrunn Palace Mirabell Gardens Swarovski crystal world and Museum Rhine Falls Titlis Rotair cable car to Mt. Titlis Lake Lucerne Cruise Jungfraujoch Bern city tour Maison Cailler chocolate factory Chaplin’s world Versailles palace Eiffel Tower Seine river cruise Disneyland,Austria,GROUP TOUR,11,"?350,000.00",https://img.veenaworld.com/group-tours/world/europe/eusp/eusp-thb.jpg
Best of New Zealand,NA,New Zealand,GROUP TOUR,10,"?355,000.00",https://img.veenaworld.com/group-tours/world/australia-new-zealand/aunj/thb.jpg
European Delight,Expert tour manager all throughout the tour. All meals included in tour price. Music fun and games everyday.,Western Europe,GROUP TOUR,13,"?355,000.00",https://img.veenaworld.com/group-tours/world/europe/euwn/euwn-thb.jpg
All of Switzerland,Expert tour manager all throughout the tour. All meals included in tour price. Music fun and games everyday.,Switzerland,GROUP TOUR,10,"?365,000.00",https://img.veenaworld.com/group-tours/world/europe/euld/thb-EULD-422022.jpg
All of Japan,Nara Deer Park Arashiyama Bamboo Grooves Golden Pavilion (Kinkaku – Ji) Fushimi Inari Shrine Tottori Sand Museum Himeji Castle Sapporo Furano Shirogane Oatru Miyajima Shrine Mount Fuji Tokyo Sky Tree Asakusa Temple Complex Team Lab Planets Hakone Kowakien Yunessun,Japan,GROUP TOUR,13,"?365,000.00",https://img.veenaworld.com/group-tours/world/japan-china-korea-taiwan/asaj/asaj-thb-ASAJ-2752023.png
Swiss Paris London,London Eye Madame Tussauds Wax Museum Windsor Castle University of Oxford Versailles palace Eiffel Tower Disneyland Chaplin’s world Maison Cailler Chocolate factory Bern City tour Titlis Rotair cable car to Mt. Titlis Lake Lucerne Cruise Jungfraujoch,UK,GROUP TOUR,11,"?365,000.00",https://img.veenaworld.com/group-tours/world/europe/eusl/eusl-thb.jpg
Seniors' Special Europe,Expert tour manager all throughout the tour. All meals included in tour price. Music fun and games everyday.,Western Europe,GROUP TOUR,13,"?370,000.00",https://img.veenaworld.com/group-tours/world/europe/euze/euze-thb-euze-1672022.jpg
Scandinavia Northern Lights,Guided tour to experience the Northern lights Tromso University Museum Reindeer sledging ride Narvik Cable car station Jukkasjärvi church Santa Claus Village Ranua Zoo Helsinki city tour,Scandinavia,GROUP TOUR,9,"?370,000.00",https://img.veenaworld.com/group-tours/world/europe/eunl/eunl-thb-eunl-862022.jpg
European Jewels with Versailles,A lovely view of London city from the London Eye The Spectacular Monument of Eiffel Tower Seine river cruise Versailles palace Holland’s famous ‘Windmill’ Explore Luxembourg City By A Tram Cuckoo clock shop Rhine Falls Schaffhausen Rotair Titlis (cable car ride) to Mt. Titlis Lake Lucerne Cruise Jungfraujoch – Top of Europe City Tram ride at Vaduz Mirabell Gardens Swarovski crystal world and Museum Gondola ride in the canals of Venice San Marino city tour Trevi Fountain St. Peter's Basilica Leaning tower of Pisa Square of Miracles,France,GROUP TOUR,15,"?375,000.00",https://img.veenaworld.com/group-tours/world/europe/eujw/eujw-thb.jpg
All of Spain,Cable car ride to Montjuic hill Monastery of Montserrat Sagrada Familia Cathedral Plaça de la Rotonda The Comb of the Wind Guggenheim Museum Salmanca University Medieval Walls of Ávila Prado Museum The Royal Palace Catedral de Sevilla The Alcazar of Seville Marbella Enjoy burro-taxi ride Oceanogràfic València,Spain,GROUP TOUR,15,"?380,000.00",https://img.veenaworld.com/group-tours/world/europe/euos/euos-thb-EUOS-132024.jpg
Women's Special Scandinavia,Tivoli Gardens Christiansburg palace Kon Tiki Museum Norway in a nutshell tour Sogne Fjord - King of the Fjords Funicular Tram ride to Mt. Floyen Sky View Globe Arenas Vasa Ship museum Ice Bar Alexander Nevsky Cathedral Helsinki City Tour,Scandinavia,GROUP TOUR,10,"?390,000.00",https://img.veenaworld.com/group-tours/world/europe/euwd/euwd-thb-euwd-4112022.jpg
Greece Turkey,Explore the fabulous Greek islands on a full day cruise Red Beach Lost Atlantis Experience Museum Black Beach Megalochori village and Oia Village Acropolis Museum Whirling dervish show Cotton Castle - Pamukkale Boat ride on the Porsuk River Turkish dinner with show Topkapi Palace Sultan Ahmet Tsami - Blue Mosque,Turkey,GROUP TOUR,12,"?395,000.00",https://img.veenaworld.com/group-tours/world/europe/eugt/eugt-thb.jpg
Women's Special Europe with Versailles,Expert tour manager all throughout the tour. All meals included in tour price. Music fun and games everyday.,France,GROUP TOUR,15,"?400,000.00",https://img.veenaworld.com/group-tours/world/europe/euwa/euwa-thb.jpg
European Jewels with Disneyland,A lovely view of London city from the London Eye The Spectacular Monument of Eiffel Tower Seine river cruise Disneyland Amsterdam canal cruise Holland’s famous ‘Windmill’ Explore Luxembourg City By A Tram Cuckoo clock shop Rhine Falls Schaffhausen Rotair Titlis (cable car ride) to Mt. Titlis Lake Lucerne Cruise Jungfraujoch – Top of Europe City Tram ride at Vaduz Mirabell Gardens Swarovski crystal world and Museum Gondola ride in the canals of Venice San Marino city tour Trevi Fountain St. Peter's Basilica Leaning tower of Pisa Square of Miracles,Western Europe,GROUP TOUR,15,"?405,000.00",https://img.veenaworld.com/group-tours/world/europe/eujwd/eujwd-thb.jpg
Scandinavia Northern Lights with Icebreaker Cruise,Expert tour manager all throughout the tour. All meals included in tour price. Music fun and games everyday.,Scandinavia,GROUP TOUR,10,"?410,000.00",https://img.veenaworld.com/group-tours/world/europe/eunlc/thb-cruise-EUNLC-572024.jpg
England Scotland Ireland Wales London,Expert tour manager all throughout the tour. All meals included in tour price. Music fun and games everyday.,UK,GROUP TOUR,15,"?425,000.00",https://img.veenaworld.com/group-tours/world/europe/eueo/euen-thb-euen-1562023-eueo-16102024.jpg
All of Eastern Europe,Expert tour manager all throughout the tour. All meals included in tour price. Music fun and games everyday.,Eastern Europe,GROUP TOUR,17,"?425,000.00",https://img.veenaworld.com/group-tours/world/europe/euae/euce-thb-EUAE-16102024.jpg
Tunisia Malta Sicily,Bardo National Museum Explore Medina Carthage Sidi Bou Saïd Explore Hammamet Norman Palace Palantine Chapel Church of San Nicolò Cathedral of Forza d'Agrò Mt. Etna Gambino Winery Archaeological Park of Neapolis Cathedral of St. Paul San Anton Botanical Gardens Ancient cities of Senglea Vittoriosa and Cospicua Fishing village of Marsaxlokk Blue Grotto,Tunisia,GROUP TOUR,10,"?430,000.00",https://img.veenaworld.com/group-tours/world/europe/eusm/shtu-thb-eusm-1142024.jpg
Women's Special England Scotland Ireland Wales London,Expert tour manager all throughout the tour. All meals included in tour price. Music fun and games everyday.,UK,GROUP TOUR,15,"?430,000.00",https://img.veenaworld.com/group-tours/world/europe/eueo/thb-EUEO-422022.jpg
Seniors' Special England Scotland Ireland Wales London,Expert tour manager all throughout the tour. All meals included in tour price. Music fun and games everyday.,UK,GROUP TOUR,15,"?430,000.00",https://img.veenaworld.com/group-tours/world/europe/eueo/thb-EUEO-422022.jpg
European Marvels,A lovely view of London city from the London Eye Eurostar journey to Paris The Spectacular Monument of Eiffel Tower Seine river cruise Versailles palace Holland’s famous ‘Windmill’ De Halve Maan Brewery Explore Luxembourg City By A Tram Cuckoo clock shop Rhine Falls Schaffhausen Rotair Titlis (cable car ride) to Mt. Titlis Lake Lucerne Cruise Jungfraujoch – Top of Europe City Tram ride at Vaduz Hofbräuhaus Salzburg Cathedral Mirabell Gardens Swarovski crystal world and Museum Vaporetto water bus ride to Venice Island San Marino city tour Blue Grotto or White Grotto Trevi Fountain St. Peter's Basilica Square of Miracles Leaning tower of Pisa,Western Europe,GROUP TOUR,17,"?450,000.00",https://img.veenaworld.com/group-tours/world/europe/eumv/eumv-thb.jpg
All of New Zealand,Rotorua Thermal Reserve Sheep Shearing Show Huka Falls Wellington Cable Car Whale Watching - kaikoura Fox Glacier/Franz Josef Glacier Helicopter ride Milford Sound Queenstown Dunedin International Antarctic Centre,New Zealand,GROUP TOUR,14,"?450,000.00",https://img.veenaworld.com/group-tours/world/australia-new-zealand/aund/aund-tbh.jpg
Iceland Northern Lights,Golden Circle Tour Thingvellir National Park Gullfoss Waterfall Whale watching cruise Fridheimar Tomato Farm Diamond Circle tour Godadoss waterfall Dimmuborgir lava formations Deildartunguhver Hot spring Langjokull Glacier Snaefellsnes Peninsula Vatnshellir Cave Seljalandsfoss and Skogafoss waterfall Reynisfjara - BLACK SAND BEACH Solheimasandur – Plane wreck location Skaftafell National park Jokulsarlon Glacier Lagoon Vatnajökull glacier Diamond Beach Blue Lagoon,Iceland,GROUP TOUR,10,"?450,000.00",https://img.veenaworld.com/group-tours/world/europe/euin/euin-thb-euin-2582021.jpg
All of Australia,Freemantle Rottnest Island Bradman Collection at Adelaide Kangaroo Island The Great Ocean Road Helicopter ride at Great Ocean Road Melbourne Cricket Ground Penguin Parade at Philip Island Kuranda Rainforest Pamagirri Aboriginal Experience The Great Barrier Reef Brisbane city orientation tour Jet Boat ride at Gold Coast Currumbin Wildlife Sanctuary Sunset cruise at Gold Coast Guided tour of New Parliament House at Canberra Guided tour of Sydney Opera House Sydney Harbour Cruise Sydney Tower Observatory Deck Sydney Sea Life Aquarium WILD LIFE Sydney Zoo,Australia,GROUP TOUR,14,"?455,000.00",https://img.veenaworld.com/group-tours/world/australia-new-zealand/auaa/auaa-thb-auaa-19112022.png
Egypt Greece Turkey,The Catacombs The National Museum of Egyptian Civilization Cairo tower observatory deck The Great Pyramids of Giza Nile dinner cruise Greek islands tour Red Beach and Black Beach Megalochori village and Oia village Acropolis site and Museum Whirling dervish show Goreme open air museum Cotton Castle - Pamukkale Topkapi Palace Blue Mosque Hagia Sofia Museum,Greece,GROUP TOUR,15,"?480,000.00",https://img.veenaworld.com/group-tours/world/europe/euet/euet-thb.jpg
Iceland Scandinavia Northern Lights,Tromso University Museum Reindeer sledging ride Northern Lights Cathedral Guided tour to witness Northern Lights Sami Parliament of Norway Santa Claus Village Golden Circle Tour Gullfoss Waterfall BLACK SAND BEACH Solheimasandur – Plane wreck location Skaftafell National Park Diamond Beach Blue Lagoon Hallgrimskirkja Church,Iceland,GROUP TOUR,14,"?495,000.00",https://img.veenaworld.com/group-tours/world/europe/euni/eunl-thb-EUNI-1112022.jpg
European Magic (Europe with Scotland),Edinburgh castle Drive through Yorkshire Dales National Park Enjoy cruise ride on Lake Windermere Harry Potter movie fame The Shambles Stonehenge Explore the city of Bath The University of Oxford Windsor Castle A lovely view of London city from the London Eye The Spectacular Monument of Eiffel Tower Seine river cruise Versailles palace Amsterdam canal cruise Holland’s famous ‘Windmill’ Explore Luxembourg City By A Tram Cuckoo clock factory Rhine Falls Schaffhausen Rotair Titlis (cable car ride) to Mt. Titlis Lake Lucerne Cruise Jungfraujoch – Top of Europe City Tram ride at Vaduz Hofbräuhaus Salzburg Cathedral Mirabell Gardens Swarovski crystal world and Museum Gondola ride in the canals of Venice San Marino city tour Trevi Fountain St. Peter's Basilica Square of Miracles Leaning tower of Pisa,UK,GROUP TOUR,19,"?505,000.00",https://img.veenaworld.com/group-tours/world/europe/eumg/eumg-thb.jpg
Iceland Scandinavia Northern Lights with Icebreaker Cruise,Expert tour manager all throughout the tour. All meals included in tour price. Music fun and games everyday.,Iceland,GROUP TOUR,15,"?545,000.00",https://img.veenaworld.com/group-tours/world/europe/eunic/euin-thb-EUNIC-2272024.jpg
Australia New Zealand,NA,Australia,GROUP TOUR,17,"?560,000.00",https://img.veenaworld.com/group-tours/world/australia-new-zealand/aunz/aunz-tbh.jpg
New Zealand Explorer,Expert tour manager all throughout the tour. All meals included in tour price. Music fun and games everyday.,New Zealand,GROUP TOUR,20,"?575,000.00",https://img.veenaworld.com/group-tours/world/australia-new-zealand/aunp/aunp-thb-AUNP-392024.jpg
European Dream (Europe + Spain + Nice),London Eye Tower of London Museum Madame Tussauds Wax Museum Top level of Eiffel Tower Seine River Cruise Versailles palace Madurodam Mercedes-Benz Museum Cuckoo clock shop Boat ride in Rhine Falls Mt Titlis Lake Lucerne Cruise Jungfraujoch Grindelwald Eiger Express City Tram ride in Vaduz Swarovski crystal world and Museum Vaporetto water bus ride to Venice Island Gondola ride in the canals of Venice Capri Island Trevi Fountain St. Peter's Basilica Perfume factory at Eze Marseille Cathedral Sagrada Familia Cathedral Cable car ride to Montjuic hill Flamenco show with dinner Monastery of Montserrat Colourful La Ramblas,Western Europe,GROUP TOUR,23,"?575,000.00",https://img.veenaworld.com/group-tours/world/europe/eudm/eudm-thb.jpg
Seniors’ Special America,Expert tour manager all throughout the tour. All meals included in tour price. Music fun and games everyday.,USA,GROUP TOUR,13,"?575,000.00",https://img.veenaworld.com/group-tours/world/america/amza/amza-thb.jpg
American Magic,Expert tour manager all throughout the tour. All meals included in tour price. Music fun and games everyday.,USA,GROUP TOUR,13,"?575,000.00",https://img.veenaworld.com/group-tours/world/america/ammg/ammg-thb.jpg
Women's Special America,Expert tour manager all throughout the tour. All meals included in tour price. Music fun and games everyday.,USA,GROUP TOUR,13,"?580,000.00",https://img.veenaworld.com/group-tours/world/america/amwa/amwa-thb.jpg
American Wonders (USA East & West Coast with Orlando),Expert tour manager all throughout the tour. All meals included in tour price. Music fun and games everyday.,USA,GROUP TOUR,15,"?650,000.00",https://img.veenaworld.com/group-tours/world/america/amwn/amwn-thb.jpg
American Splendors,Niagara Falls Hershey’s Chocolate World Washington D.C Corning Museum of Glass Statue of Liberty Observatory deck of One World Trade Center The Bean - Chicago Chicago Architecture Boat Tour Griffin Museum of Science and Industry Universal Studios The High roller - Las Vegas Grand Canyon The Sphere Death Valley National Park Yosemite National Park Golden Gate Bay Cruise,USA,GROUP TOUR,17,"?650,000.00",https://img.veenaworld.com/group-tours/world/america/amsp/amec-thb-AMSP-16102024.jpg
European Explorer,Edinburgh castle Drive through Yorkshire Dales National Park Enjoy cruise ride on Lake Windermere Stonehenge Explore the city of Bath The University of Oxford Windsor Castle A lovely view of London city from the London Eye The Spectacular Monument of Eiffel Tower Seine river cruise Versailles palace Amsterdam canal cruise Holland’s famous ‘Windmill’ De Halve Maan Brewery Explore Luxembourg City By A Tram Cuckoo clock shop Rhine Falls Schaffhausen Rotair Titlis (cable car ride) to Mt. Titlis Lake Lucerne Cruise Jungfraujoch – Top of Europe City Tram ride at Vaduz Hofbräuhaus Salzburg Cathedral Mirabell Gardens Swarovski crystal world and Museum Gondola ride in the canals of Venice San Marino city tour Blue Grotto or White Grotto Trevi Fountain St. Peter's Basilica Square of Miracles Leaning tower of Pisa Cinque Terre Monte Carlo Photo stop at Cannes Film festival theatre Sagrada Familia Cathedral Flamenco show with dinner Plaza de Espana,Western Europe,GROUP TOUR,27,"?655,000.00",https://img.veenaworld.com/group-tours/world/europe/euxr/euxr-thb-EUXR-2162023.jpg
American Dream with Bahamas Cruise,Expert tour manager all throughout the tour. All meals included in tour price. Music fun and games everyday.,USA,GROUP TOUR,19,"?775,000.00",https://img.veenaworld.com/group-tours/world/america/amdm/amdm-thb.jpg
Kuala Lumpur with Genting Highlands,NA,Malaysia,CUSTOMIZED HOLIDAYS,4,"?24,273.00",https://img.veenaworld.com/customized-holidays/world/south-east-asia/shmy6/shmy6-thb-1.jpg
Bali Family Fun,NA,Indonesia,CUSTOMIZED HOLIDAYS,5,"?24,658.00",https://img.veenaworld.com/customized-holidays/world/south-east-asia/shib1/shib1-thb.jpg
Phuket Getaway,NA,Thailand,CUSTOMIZED HOLIDAYS,5,"?24,672.00",https://img.veenaworld.com/customized-holidays/world/south-east-asia/shth25/shth25-thb.jpg
Iconic Thailand,NA,Thailand,CUSTOMIZED HOLIDAYS,5,"?25,523.00",https://img.veenaworld.com/customized-holidays/world/south-east-asia/shth1/shth1-thb.jpg
Romantic Bali,NA,Indonesia,CUSTOMIZED HOLIDAYS,5,"?29,884.00",https://img.veenaworld.com/customized-holidays/world/south-east-asia/shib3/shib3-thb.jpg
London (2N) Post Tour Holiday- Relax and Explore,NA,UK,CUSTOMIZED HOLIDAYS,3,"?30,453.00",https://img.veenaworld.com/customized-holidays/world/post-tour-holidays/phuk1/phuk1-thb.jpg
Malaysian Escape,NA,Malaysia,CUSTOMIZED HOLIDAYS,4,"?31,580.00",https://img.veenaworld.com/customized-holidays/world/south-east-asia/shmy1/shmy1-thb-shmy1-1652022.jpg
Kathmandu Pokhara,NA,Nepal,CUSTOMIZED HOLIDAYS,6,"?33,000.00",https://img.veenaworld.com/customized-holidays/world/nepal/shnp2/shnp2-thb-shnp2-1032022.jpg
Langkawi Escape,NA,Malaysia,CUSTOMIZED HOLIDAYS,4,"?34,608.00",https://img.veenaworld.com/customized-holidays/world/south-east-asia/shmy4/shmy4-thb-shmy4-1952022.jpg
Mauritius with Tarisa Resort & Spa (4 Nights),NA,Mauritius,CUSTOMIZED HOLIDAYS,5,"?37,277.00",https://img.veenaworld.com/customized-holidays/world/mauritius/shmu23/thb-SHMU23-1242022.jpg
Bangkok Pattaya Family Fun,NA,Thailand,CUSTOMIZED HOLIDAYS,6,"?38,501.00",https://img.veenaworld.com/customized-holidays/world/south-east-asia/shth13/shth17-thb-shth13-1052022.jpg
Sydney City Break,NA,Australia,CUSTOMIZED HOLIDAYS,4,"?38,722.00",https://img.veenaworld.com/customized-holidays/world/australia/shau3/shau3-thb.jpg
Bali with Pool Villa Stay,NA,Indonesia,CUSTOMIZED HOLIDAYS,6,"?39,877.00",https://img.veenaworld.com/customized-holidays/world/south-east-asia/shib16/Thb.jpg
Hanoi Halong,NA,Vietnam,CUSTOMIZED HOLIDAYS,5,"?40,664.00",https://img.veenaworld.com/customized-holidays/world/south-east-asia/shvn2/shvn2-thb.jpg
Best of Phuket and Krabi,NA,Thailand,CUSTOMIZED HOLIDAYS,7,"?41,126.00",https://img.veenaworld.com/customized-holidays/world/south-east-asia/shth3/shth3-thb.jpg
London (2N) Post Tour Holiday- Warwick or Stonehenge,NA,UK,CUSTOMIZED HOLIDAYS,3,"?43,102.00",https://img.veenaworld.com/customized-holidays/world/post-tour-holidays/phuk2/phuk2-thb.jpg
Muscat Getaway,NA,Oman,CUSTOMIZED HOLIDAYS,4,"?43,260.00",https://img.veenaworld.com/customized-holidays/world/dubai-egypt-israel/shom3/shom3-thb.jpg
Romantic Bali with Ubud Stay,NA,Indonesia,CUSTOMIZED HOLIDAYS,6,"?43,400.00",https://img.veenaworld.com/customized-holidays/world/south-east-asia/shib2/shib2-thb.jpg
Sri Lanka Escape,NA,Sri Lanka,CUSTOMIZED HOLIDAYS,5,"?44,584.00",https://img.veenaworld.com/customized-holidays/world/sri-lanka/shsl1/shsl1-thb.jpg
Phuket Krabi Getaway,NA,Thailand,CUSTOMIZED HOLIDAYS,6,"?45,570.00",https://img.veenaworld.com/customized-holidays/world/south-east-asia/shth16/shth16-thb-shth16-1152022.jpg
Singapore Escape,NA,Singapore,CUSTOMIZED HOLIDAYS,4,"?46,817.00",https://img.veenaworld.com/customized-holidays/world/south-east-asia/shsg9/shsg9-thb.jpg
Bhutan Getaway,NA,Bhutan,CUSTOMIZED HOLIDAYS,6,"?47,000.00",https://img.veenaworld.com/customized-holidays/world/bhutan/shbt3/shbt3-thb.jpg
Nepal Chitwan Pokhara,NA,Nepal,CUSTOMIZED HOLIDAYS,8,"?48,000.00",https://img.veenaworld.com/customized-holidays/world/nepal/shnp1/shnp1-thb.jpg
Mauritius with Anelia Resort & Spa (4 Nights),NA,Mauritius,CUSTOMIZED HOLIDAYS,5,"?50,280.00",https://img.veenaworld.com/customized-holidays/world/mauritius/shmu24/thb-shmu24-1242022.jpg
Mauritius with Tarisa Resort & Spa,NA,Mauritius,CUSTOMIZED HOLIDAYS,7,"?51,147.00",https://img.veenaworld.com/customized-holidays/world/mauritius/shmu2/thb-SHMU25-1442022.jpg
Dubai Escape,NA,UAE,CUSTOMIZED HOLIDAYS,5,"?51,948.00",https://img.veenaworld.com/customized-holidays/world/dubai-egypt-israel/shdz1/shdz1-thb.jpg
Best of Bhutan,NA,Bhutan,CUSTOMIZED HOLIDAYS,7,"?52,000.00",https://img.veenaworld.com/customized-holidays/world/bhutan/shbt2/shbt2-thb.jpg
Classic Sri Lanka,NA,Sri Lanka,CUSTOMIZED HOLIDAYS,8,"?52,777.00",https://img.veenaworld.com/customized-holidays/world/sri-lanka/shsl2/shsl2-thb.jpg
Glimpse of Cambodia,NA,Cambodia,CUSTOMIZED HOLIDAYS,5,"?52,777.00",https://img.veenaworld.com/customized-holidays/world/south-east-asia/shcm3/thb-SHCM3-2682022.jpg
Innsbruck and surrounds,NA,Austria,CUSTOMIZED HOLIDAYS,4,"?54,346.00",https://img.veenaworld.com/customized-holidays/world/europe/shat7/THB.jpg
Taipei and surrounds,NA,Taiwan,CUSTOMIZED HOLIDAYS,5,"?56,238.00",https://img.veenaworld.com/customized-holidays/world/japan-china-korea-taiwan/shtw1/shtw1-thb-shtw1-2492024.jpg
Cairns City Break,NA,Australia,CUSTOMIZED HOLIDAYS,4,"?59,550.00",https://img.veenaworld.com/customized-holidays/world/australia/shau6/shau6-thb.jpg
Singapore with Universal Studios,NA,Singapore,CUSTOMIZED HOLIDAYS,5,"?61,324.00",https://img.veenaworld.com/customized-holidays/world/south-east-asia/shsg2/shsg2-thb.jpg
Sri Lankan Explorer,NA,Sri Lanka,CUSTOMIZED HOLIDAYS,7,"?61,429.00",https://img.veenaworld.com/customized-holidays/world/sri-lanka/shsl3/shsl3-thb-shsl3-18122021.jpg
Classic Vietnam,NA,Vietnam,CUSTOMIZED HOLIDAYS,7,"?62,727.00",https://img.veenaworld.com/customized-holidays/world/south-east-asia/shvn4/ammie-ngo-vcu-ozbxxrk-unsplash--1--shvn4-1752022.jpg
Gold Coast City Break,NA,Australia,CUSTOMIZED HOLIDAYS,4,"?62,777.00",https://img.veenaworld.com/customized-holidays/world/australia/shau5/shau5-thb.jpg
Dubai with Miracle Garden,NA,UAE,CUSTOMIZED HOLIDAYS,6,"?62,850.00",https://img.veenaworld.com/customized-holidays/world/dubai-egypt-israel/shdz31/thb-shdz31-31102023.jpg
Amazing Bhutan,NA,Bhutan,CUSTOMIZED HOLIDAYS,8,"?66,000.00",https://img.veenaworld.com/customized-holidays/world/bhutan/shbt1/shbt1-thb.jpg
Singapore Family Fun,NA,Singapore,CUSTOMIZED HOLIDAYS,5,"?66,599.00",https://img.veenaworld.com/customized-holidays/world/south-east-asia/shsg11/shsg11-thb.jpg
Dubai Extravaganza,NA,UAE,CUSTOMIZED HOLIDAYS,6,"?66,659.00",https://img.veenaworld.com/customized-holidays/world/dubai-egypt-israel/shdz5/shdz9-thb.jpg
Abu Dhabi Getaway,NA,UAE,CUSTOMIZED HOLIDAYS,4,"?67,525.00",https://img.veenaworld.com/customized-holidays/world/dubai-egypt-israel/shdz7/shdz7-thb.jpg
Mauritius with Anelia Resort & Spa,NA,Mauritius,CUSTOMIZED HOLIDAYS,7,"?71,086.00",https://img.veenaworld.com/customized-holidays/world/mauritius/shmu14/shmu14-thb.jpg
Seoul Getaway,NA,South Korea,CUSTOMIZED HOLIDAYS,5,"?72,677.00",https://img.veenaworld.com/customized-holidays/world/japan-china-korea-taiwan/shkr9/thb-shkr9-1562023.jpg
Best of Vietnam,NA,Vietnam,CUSTOMIZED HOLIDAYS,9,"?77,435.00",https://img.veenaworld.com/customized-holidays/world/south-east-asia/shvn3/shvn3-thb.jpg
Ras Al Khaimah Escape,NA,UAE,CUSTOMIZED HOLIDAYS,4,"?77,868.00",
Munich and Surrounds,NA,Germany,CUSTOMIZED HOLIDAYS,5,"?79,645.00",https://img.veenaworld.com/customized-holidays/world/europe/shge8/thb.jpg
Discover Georgia,NA,Georgia,CUSTOMIZED HOLIDAYS,5,"?81,329.00",https://img.veenaworld.com/customized-holidays/world/europe/shgo2/thb-shgo2-582024.jpg
Jeju Island Getaway,NA,South Korea,CUSTOMIZED HOLIDAYS,4,"?81,761.00",https://img.veenaworld.com/customized-holidays/world/japan-china-korea-taiwan/shkr3/shkr3-thb.jpg
Dubai with Ras Al Khaimah,NA,UAE,CUSTOMIZED HOLIDAYS,6,"?82,194.00",https://img.veenaworld.com/customized-holidays/world/dubai-egypt-israel/shdz36/thb-shdz36-1972024.jpg
Kandima Maldives Air Inclusive,NA,Maldives,CUSTOMIZED HOLIDAYS,4,"?83,924.00",https://img.veenaworld.com/customized-holidays/world/maldives/shml37/kadima-thb-SHML37-582024.jpg
Dubai with Abu Dhabi,NA,UAE,CUSTOMIZED HOLIDAYS,6,"?83,973.00",https://img.veenaworld.com/customized-holidays/world/dubai-egypt-israel/shdz18/thb-shdz18-3122021.jpg
Best of Dubai,NA,UAE,CUSTOMIZED HOLIDAYS,7,"?83,973.00",https://img.veenaworld.com/customized-holidays/world/dubai-egypt-israel/shdz34/thb-shdz34-1572024.jpg
Sydney Melbourne,NA,Australia,CUSTOMIZED HOLIDAYS,7,"?86,538.00",https://img.veenaworld.com/customized-holidays/world/australia-new-zealand/shau31/shau26-thb.jpg
Rome Florence Venice,NA,Italy,CUSTOMIZED HOLIDAYS,7,"?89,952.00",https://img.veenaworld.com/customized-holidays/world/europe/shit1/shit1-thb.jpg
Prague Vienna Budapest,NA,Austria,CUSTOMIZED HOLIDAYS,7,"?89,952.00",https://img.veenaworld.com/customized-holidays/world/europe/sheu6/thb-SHEU6-9112022.jpg
Seoul and Surrounds,NA,South Korea,CUSTOMIZED HOLIDAYS,6,"?92,144.00",https://img.veenaworld.com/customized-holidays/world/japan-china-korea-taiwan/shkr6/seoul-thb-shkr6-3092022.jpg
Malaysia Singapore,NA,Singapore,CUSTOMIZED HOLIDAYS,8,"?93,506.00",https://img.veenaworld.com/customized-holidays/world/south-east-asia/shas14/shas10-thb-shas14-18102024.jpg
Ras Al Khaimah with Abu Dhabi,NA,UAE,CUSTOMIZED HOLIDAYS,6,"?94,307.00",https://img.veenaworld.com/customized-holidays/world/dubai-egypt-israel/shdz37/thb-shdz37-1972024.jpg
Highlights of Chiang Mai Chiang Rai,NA,Thailand,CUSTOMIZED HOLIDAYS,7,"?94,307.00",https://img.veenaworld.com/customized-holidays/world/south-east-asia/shth31/shth31-thb-SHTH31-15102024.jpg
Go Beyond Melbourne - Self Drive,NA,Australia,CUSTOMIZED HOLIDAYS,6,"?94,459.00",https://img.veenaworld.com/customized-holidays/world/australia/shau25/shau25-thb.jpg
Hamilton Island Getaway,NA,Australia,CUSTOMIZED HOLIDAYS,4,"?95,339.00",https://img.veenaworld.com/customized-holidays/world/australia/shau12/shau12-thb.jpg
Singapore with Sentosa Stay,NA,Singapore,CUSTOMIZED HOLIDAYS,6,"?96,932.00",https://img.veenaworld.com/customized-holidays/world/south-east-asia/shsg12/shsg12-thb.jpg
Brisbane & Gold Coast adventure,NA,Australia,CUSTOMIZED HOLIDAYS,7,"?98,272.00",https://img.veenaworld.com/customized-holidays/world/australia-new-zealand/shau37/thb-shau37-2932024.jpg
Thermal Discovery - Seat in Coach,NA,New Zealand,CUSTOMIZED HOLIDAYS,5,"?98,880.00",https://img.veenaworld.com/customized-holidays/world/australia-new-zealand/shnz28/thb-SHNZ28-2872023.jpg
Perth and Surrounds,NA,Australia,CUSTOMIZED HOLIDAYS,5,"?99,152.00",https://img.veenaworld.com/customized-holidays/world/australia-new-zealand/shau27/shau27-thb.jpg
Best of Portugal,NA,Portugal,CUSTOMIZED HOLIDAYS,7,"?99,322.00",https://img.veenaworld.com/customized-holidays/world/europe/shpt1/shpt1-thb.jpg
London and Surrounds,NA,UK,CUSTOMIZED HOLIDAYS,6,"?100,728.00",https://img.veenaworld.com/customized-holidays/world/europe/shuk1/shuk1-thb.jpg
Swiss Getaway,NA,Switzerland,CUSTOMIZED HOLIDAYS,5,"?101,196.00",https://img.veenaworld.com/customized-holidays/world/europe/shsw18/thb--1--shsw18-1642022.jpg
Sydney and Blue Mountains,NA,Australia,CUSTOMIZED HOLIDAYS,6,"?102,673.00",https://img.veenaworld.com/customized-holidays/world/australia-new-zealand/shau33/rev-thb-shau33-562023.jpg
Paris with Disneyland Stay,NA,France,CUSTOMIZED HOLIDAYS,6,"?103,070.00",https://img.veenaworld.com/customized-holidays/world/europe/shfr1/new-thb-shfr1-1612023.jpg
Cairns with Great Barrier Reef Self-Drive,NA,Australia,CUSTOMIZED HOLIDAYS,7,"?105,606.00",https://img.veenaworld.com/customized-holidays/world/australia-new-zealand/shau36/thb-shau36-2932024.jpg
Georgia with Batumi,NA,Georgia,CUSTOMIZED HOLIDAYS,6,"?105,987.00",https://img.veenaworld.com/customized-holidays/world/europe/shgo3/thb-shgo3-682024.jpg
Melbourne City Break,NA,Australia,CUSTOMIZED HOLIDAYS,6,"?106,193.00",https://img.veenaworld.com/customized-holidays/world/australia/shau24/shau24-thb.jpg
Romantic FIJI,NA,Fiji,CUSTOMIZED HOLIDAYS,5,"?110,313.00",https://img.veenaworld.com/customized-holidays/world/australia-new-zealand/shfj4/shfj4-thb-shfj4-992023.jpg
Northern Splendour- Self Drive,NA,Australia,CUSTOMIZED HOLIDAYS,7,"?110,633.00",https://img.veenaworld.com/customized-holidays/world/australia-new-zealand/shnz25/thb-shnz25-SHNZ25-12102022.jpg
Classic Oman,NA,Oman,CUSTOMIZED HOLIDAYS,6,"?112,476.00",https://img.veenaworld.com/customized-holidays/world/middle-east/shom4/shom4-thb-shom4-10102024.jpg
French Riviera,NA,France,CUSTOMIZED HOLIDAYS,6,"?121,810.00",https://img.veenaworld.com/customized-holidays/world/europe/shfr5/shfr5-thb.jpg
Copenhagen Oslo Stockholm,NA,Sweden,CUSTOMIZED HOLIDAYS,8,"?121,810.00",https://img.veenaworld.com/customized-holidays/world/europe/sheu41/thb-sheu41-2992023.jpg
Mauritius With Outrigger Resort,NA,Mauritius,CUSTOMIZED HOLIDAYS,7,"?126,728.00",https://img.veenaworld.com/customized-holidays/world/mauritius/shmu4/shmu4-thb.jpg
Great Southern Touring Route Self Drive,NA,Australia,CUSTOMIZED HOLIDAYS,7,"?127,901.00",https://img.veenaworld.com/customized-holidays/world/australia-new-zealand/shau32/thb-SHAU32-142023.jpg
Sydney to Byron Bay – Self Drive,NA,Australia,CUSTOMIZED HOLIDAYS,8,"?128,487.00",https://img.veenaworld.com/customized-holidays/world/australia/shau22/rev-thb-shau22-562023.jpg
New Zealand Splendid South – Seat in Coach,NA,New Zealand,CUSTOMIZED HOLIDAYS,7,"?128,582.00",https://img.veenaworld.com/customized-holidays/world/australia-new-zealand/shnz29/thb-shnz29-2972023.jpg
Tokyo & Surrounds,NA,Japan,CUSTOMIZED HOLIDAYS,5,"?129,780.00",https://img.veenaworld.com/customized-holidays/world/japan-china-korea-taiwan/shjp7/shjp3-thb-shjp7-1692024.jpg
Maldives with Angsana Velavaru,NA,Maldives,CUSTOMIZED HOLIDAYS,4,"?130,645.00",https://img.veenaworld.com/customized-holidays/world/maldives/shml38/rev-shml38-thb-shml38-592024.jpg
Swiss Escape,NA,Switzerland,CUSTOMIZED HOLIDAYS,6,"?133,054.00",https://img.veenaworld.com/customized-holidays/world/europe/shsw1/shsw1-thb.jpg
England Scotland,NA,UK,CUSTOMIZED HOLIDAYS,7,"?133,991.00",https://img.veenaworld.com/customized-holidays/world/europe/shuk15/shuk15-thb.jpg
Highlights of Austria,NA,Austria,CUSTOMIZED HOLIDAYS,8,"?134,460.00",https://img.veenaworld.com/customized-holidays/world/europe/shat6/shat6-thb.jpg
Lakes & Glaciers - Self Drive,NA,Australia,CUSTOMIZED HOLIDAYS,9,"?138,037.00",https://img.veenaworld.com/customized-holidays/world/australia-new-zealand/shnz26/thb-shnz26-SHNZ26-12102022.jpg
Germany with Black Forest,NA,Germany,CUSTOMIZED HOLIDAYS,7,"?140,550.00",https://img.veenaworld.com/customized-holidays/world/europe/shge6/thb.jpg
Switzerland with Glacier 3000,NA,Switzerland,CUSTOMIZED HOLIDAYS,7,"?143,361.00",https://img.veenaworld.com/customized-holidays/world/europe/shsw2/THB-shutterstock_773249017-Glacier-3000-canton-of-Vaud-Switzerland.jpg
Italy with Capri Island,NA,Italy,CUSTOMIZED HOLIDAYS,9,"?145,235.00",https://img.veenaworld.com/customized-holidays/world/europe/shit2/shit2-thb.jpg
Ningaloo Reef & Coral Bay Self Drive,NA,Australia,CUSTOMIZED HOLIDAYS,5,"?146,088.00",https://img.veenaworld.com/customized-holidays/world/australia-new-zealand/shau39/shau39-thb1-shau39-2782024.jpg
Swiss Italy,NA,Switzerland,CUSTOMIZED HOLIDAYS,9,"?148,983.00",https://img.veenaworld.com/customized-holidays/world/europe/sheu37/thb-SHEU37-1682022.jpg
Perth with Pink lake & Margaret River self-drive,NA,Australia,CUSTOMIZED HOLIDAYS,9,"?153,715.00",https://img.veenaworld.com/customized-holidays/world/australia-new-zealand/shau40/shau40-thb-shau40-2092024.jpg
